ranking,cod_municipio,Municipio,Departamento,Ha 2023,Ha 2024,Pronóstico 2025,Rango mín.,Rango máx.,Nota,Variación vs 2024,% del total 2025,% acumulado
1,52835,Tumaco,Nariño,22999.56,31300.41,35671.56974332858,31096.910298167277,40246.22918848989,,0.1396518366158328,0.12515921597243282,0.12515921597243282
2,54810,Tibú,Norte De Santander,23029.68,25911.23,28303.690104340603,26501.449830076006,30105.9303786052,,0.09233294229338407,0.09930787145268535,0.22446708742511817
3,19256,El Tambo,Cauca,9392.21,10326.0,11306.622793799746,10808.002279472696,11805.243308126797,,0.09496637553745368,0.039671033664916755,0.2641381210900349
4,52250,El Charco,Nariño,9257.95,8799.73,10845.856058605354,9427.038689052522,12264.673428158185,,0.23252145902264654,0.03805436235669957,0.3021924834467345
5,86568,Puerto Asís,Putumayo,11725.95,9893.39,10320.207777777776,8400.097973331727,12240.317582223825,,0.04314171156476965,0.03621004411729994,0.33840252756403444
6,86865,Valle Del Guamuez,Putumayo,9192.61,8968.19,9289.32285483565,8472.395283533977,10106.250426137321,,0.03580798966521104,0.03259302502782269,0.3709955525918571
7,54250,El Tarra,Norte De Santander,6864.19,7664.58,8285.695541870062,7988.182724553378,8583.208359186745,,0.08103712687062581,0.02907164347598378,0.4000671960678409
8,86320,Orito,Putumayo,8731.71,7668.73,7368.2946853952935,5681.772315884408,9054.81705490618,,-0.03917667131385594,0.02585280077421861,0.4259199968420595
9,86757,San Miguel,Putumayo,6723.4,6410.95,6863.481065666611,6194.923475086835,7532.038656246387,,0.07058720870800927,0.024081584163565692,0.4500015810056252
10,52621,Roberto Payán,Nariño,5407.83,5949.63,6395.342222222223,6007.1059927401075,6783.578451704339,,0.07491427571499787,0.02243904667409345,0.47244062767971867
11,52490,Olaya Herrera,Nariño,5530.87,5360.95,6260.473366649227,5363.974936641624,7156.97179665683,,0.16779178441306608,0.021965838448493213,0.4944064661282119
12,54720,Sardinata,Norte De Santander,4299.81,5162.64,5640.046702316067,4728.3995078652,6551.693896766935,,0.09247336678832285,0.019788975601271505,0.5141954417294834
13,52079,Barbacoas,Nariño,4367.78,4661.69,4907.045555555556,4497.657333175423,5316.433777935689,,0.05263231908504351,0.01721712778253071,0.5314125695120141
14,05854,Valdivia,Antioquia,4726.85,4311.02,4768.956622892307,4255.976762425353,5281.936483359261,,0.10622465748066734,0.01673262141875246,0.5481451909307665
15,52427,Magüí,Nariño,4003.32,4443.13,4757.8796071572615,4363.69146880583,5152.067745508693,,0.07083961242575865,0.01669375599694209,0.5648389469277086
16,86569,Puerto Caicedo,Putumayo,4882.56,4103.44,4394.798844320782,3509.9400951648654,5279.657593476699,,0.07100355904333511,0.015419831021442926,0.5802587779491516
17,19050,Argelia,Cauca,3319.02,4008.42,4347.163330075771,4160.0207042291,4534.305955922442,,0.0845079432982998,0.015252694456995428,0.595511472406147
18,54800,Teorama,Norte De Santander,3956.28,3890.86,4126.494426091189,3561.0530436307486,4691.93580855163,,0.06056101378389056,0.014478443499974626,0.6099899159061216
19,05790,Tarazá,Antioquia,3768.43,3659.51,3967.8322871651826,3234.4707454418335,4701.193828888532,,0.08425234175208773,0.013921752862153676,0.6239116687682753
20,23807,Tierralta,Córdoba,3872.97,3589.82,3893.2866334946875,3161.436071156685,4625.13719583269,,0.08453533422140591,0.013660197914202537,0.6375718666824779
21,19532,Patía,Cauca,2908.45,3502.29,3868.8189456534233,3452.6554174611215,4284.982473845725,,0.10465408223003325,0.01357434924959636,0.6511462159320742
22,19780,Suárez,Cauca,1580.89,2790.82,3576.2892067571083,3289.6510947624274,3862.9273187517892,,0.2814474623075327,0.012547963446214925,0.6636941793782891
23,19809,Timbiquí,Cauca,3071.77,3042.44,3503.493521798765,2966.0668097086514,4040.9202338888786,,0.15154071133654723,0.01229254853397192,0.675986727912261
24,13670,San Pablo,Bolívar,3339.62,2973.85,3278.7732831764947,2631.2289083695264,3926.317657983463,,0.10253485655849981,0.011504082843185728,0.6874908107554467
25,19533,Piamonte,Cauca,2932.89,2836.32,3021.8122222222228,2404.7620446850524,3638.862399759393,,0.06539890499739887,0.010602495243988583,0.6980933059994353
26,86573,Puerto Leguízamo,Putumayo,3900.26,2831.83,2945.9444942596015,1795.2734515592044,4096.615536959998,,0.040297085015555956,0.010336301594038894,0.7084296075934742
27,86571,Puerto Guzmán,Putumayo,2764.67,2450.31,2507.1590122892812,1808.4285797272846,3205.889444851278,,0.023200742881219538,0.008796754910261058,0.7172263625037353
28,19110,Buenos Aires,Cauca,1467.49,2142.24,2377.266664461813,1969.9409231799739,2784.592405743652,,0.10971070676572814,0.008341007531273203,0.7255673700350085
29,19473,Morales,Cauca,1532.31,2087.8,2302.527777777778,2054.957311048378,2550.0982445071777,,0.10284882545156515,0.00807877459542726,0.7336461446304358
30,13688,Santa Rosa Del Sur,Bolívar,2103.83,2097.65,2296.5788922243282,1990.656669772752,2602.501114675905,,0.09483416786610155,0.008057902010981527,0.7417040466414173
31,05040,Anorí,Antioquia,2089.32,1957.22,2211.40507483628,1947.8715659081781,2474.938583764382,,0.12987046670087166,0.007759056507899595,0.7494631031493169
32,95025,El Retorno,Guaviare,2182.28,2129.58,2186.716655858211,1943.745811873427,2429.6874998429953,,0.026830011484992866,0.007672433373982929,0.7571355365232998
33,52356,Ipiales,Nariño,1974.54,2031.66,2158.7899874505456,1944.8379473360499,2372.742027565041,,0.06257444033477322,0.007574448341426877,0.7647099848647266
34,86885,Villagarzón,Putumayo,2312.09,2036.74,2137.3344316270495,1410.9072222004465,2863.7616410536525,,0.049389922929313324,0.007499168207571154,0.7722091530722978
35,76364,Jamundí,Valle Del Cauca,1795.34,2014.9,2124.8510748518393,1671.6285321770922,2578.0736175265865,,0.05456899838792961,0.007455368420852161,0.7796645214931499
36,05120,Cáceres,Antioquia,2116.19,1908.18,2073.5199835567046,1621.5270624352888,2525.5129046781203,,0.08664800152852692,0.007275265353122433,0.7869397868462723
37,54206,Convención,Norte De Santander,2034.35,1847.67,1957.8688988847396,1629.3057517127254,2286.4320460567537,,0.05964208916350833,0.006869485647097253,0.7938092724933695
38,19418,López,Cauca,1866.37,1738.18,1955.5209198566108,1781.5361312472005,2129.505708466021,,0.125039362929392,0.006861247399764858,0.8006705198931344
39,19318,Guapi,Cauca,1610.48,1528.58,1882.7332630913352,1541.0435841063802,2224.42294207629,,0.23168775143684672,0.0066058606556780985,0.8072763805488126
40,52696,Santa Bárbara,Nariño,1650.11,1680.56,1853.1089423933954,1532.5476930608534,2173.6701917259375,,0.10267347931248838,0.006501919147666288,0.8137782996964789
41,52256,El Rosario,Nariño,1470.12,1623.34,1810.5337883772893,1564.861759838865,2056.2058169157135,,0.11531397512368913,0.006352537639229643,0.8201308373357085
42,13744,Simití,Bolívar,1743.12,1623.14,1795.7499979791746,1569.5081505453786,2021.9918454129706,,0.10634325934865418,0.006300666425581276,0.8264315037612897
43,05361,Ituango,Antioquia,1471.27,1509.73,1772.2828741180876,1534.7704613766005,2009.7952868595748,,0.1739071715592111,0.0062183283943503705,0.83264983215564
44,27615,Riosucio,Chocó,1643.64,1574.46,1739.3222019126129,1436.726921455162,2041.9174823700637,,0.1047103145920587,0.006102680781395712,0.8387525129370358
45,23580,Puerto Libertador,Córdoba,1539.12,1392.53,1702.7842769347499,1511.216106546219,1894.3524473232808,,0.22279898956198418,0.005974481824175889,0.8447269947612117
46,52540,Policarpa,Nariño,1368.41,1692.49,1687.8325416166067,1434.6328767089499,1941.0322065242635,,-0.0027518380512696616,0.005922021349817423,0.8506490161110292
47,95001,San José Del Guaviare,Guaviare,1597.45,1575.9,1584.2177777777779,1375.922035391694,1792.5135201638618,,0.005278112683404945,0.005558472935812963,0.8562074890468421
48,27660,San José Del Palmar,Chocó,1477.67,1383.53,1556.1489510228039,1150.9050163577606,1961.3928856878472,,0.12476704590634391,0.005459989118722866,0.861667478165565
49,19075,Balboa,Cauca,1149.36,1414.8,1547.1333281990414,1322.5265327088428,1771.7401236892401,,0.09353500720882213,0.005428356412558139,0.8670958345781231
50,52233,Cumbitara,Nariño,1164.3,1448.57,1526.053285442388,1262.0565907789314,1790.0499801058445,,0.05348950029504129,0.005354393824338103,0.8724502284024612
51,76109,Buenaventura,Valle Del Cauca,1345.68,1433.18,1522.195359447774,1424.5363163944469,1619.8544025011013,,0.06211038351621845,0.005340857694690883,0.8777910860971521
52,54344,Hacarí,Norte De Santander,824.39,1167.26,1280.0155533490558,1140.3571065514807,1419.674000146631,,0.09659848992431486,0.004491132412799126,0.8822822185099511
53,23466,Montelíbano,Córdoba,1295.0,907.37,1257.5800112520726,919.3238053564997,1595.8362171476456,,0.385961637757555,0.004412413845632619,0.8866946323555838
54,18610,San José Del Fragua,Caquetá,1208.15,1218.83,1233.8277656476544,829.270171496627,1638.3853597986817,,0.012305051276760848,0.0043290754206957785,0.8910237077762796
55,27150,Carmen Del Darién,Chocó,1035.35,1035.85,1215.9640080597692,1031.3361937038537,1400.5918224156846,,0.17388039586790494,0.004266397666111136,0.8952901054423907
56,54670,San Calixto,Norte De Santander,1173.85,1086.14,1124.985553669108,884.6654247760217,1365.3056825621943,,0.03576477587521665,0.003947185696919662,0.8992372911393104
57,95200,Miraflores,Guaviare,1032.04,1149.73,1071.751111111111,809.5018858865528,1334.000336335669,,-0.06782365328284823,0.003760404427095267,0.9029976955664056
58,13160,Cantagallo,Bolívar,1146.72,908.37,1004.3155382991674,751.3554134943203,1257.2756631040147,,0.10562385184359613,0.0035237962967963957,0.9065214918632021
59,54245,El Carmen,Norte De Santander,874.96,922.7,962.0177718699499,778.8129302529588,1145.2226134869409,,0.042611652617264406,0.0033753880455823864,0.9098968799087844
60,19130,Cajibío,Cauca,567.54,805.89,887.7722267075318,792.7377807544226,982.806672660641,,0.10160471864340259,0.0031148860747177032,0.9130117659835021
61,52612,Ricaurte,Nariño,846.59,806.58,882.2211069439161,736.8284976957048,1027.6137161921274,,0.09378004282763763,0.003095409113025734,0.9161071750965278
62,13458,Montecristo,Bolívar,848.96,790.64,874.7971721041489,774.2052318275137,975.3891123807841,,0.10644183459494694,0.003069361090169956,0.9191765361866978
63,52699,Santa Cruz,Nariño,753.49,747.08,826.4199909121818,637.7922186946286,1015.047763129735,,0.10620012704420101,0.0028996222726043143,0.9220761584593021
64,23682,San José De Uré,Córdoba,694.76,676.85,760.5430602193985,660.0998461902499,860.9862742485471,,0.12365082399261063,0.0026684828790899296,0.9247446413383921
65,05250,El Bagre,Antioquia,1040.74,689.95,757.1288389368303,360.1375701570087,1154.120107716652,,0.09736769177017224,0.0026565035560055413,0.9274011448943976
66,50590,Puerto Rico,Meta,846.05,803.75,713.0844415463407,557.9675711388974,868.201311953784,,-0.11280318314607685,0.002501966980098255,0.9299031118744959
67,52405,Leiva,Nariño,618.59,554.34,710.906411367753,607.3597660946537,814.4530566408523,,0.28243751374202275,0.002494325024572389,0.9323974368990683
68,52390,La Tola,Nariño,619.75,583.25,706.9218029111075,613.6484075688229,800.1951982533922,,0.2120390962899401,0.002480344409926628,0.9348777813089949
69,18410,Montañita,Caquetá,1159.81,766.07,684.1343865188259,0.0,1608.2108442329527,,-0.10695577882070073,0.002400391237408092,0.937278172546403
70,05895,Zaragoza,Antioquia,749.41,609.84,670.1755480293758,474.418963187189,865.9321328715627,,0.09893668508030928,0.002351414495038852,0.9396295870414418
71,13810,Tiquisio,Bolívar,578.88,596.29,658.1933277088411,556.7789254844074,759.6077299332749,,0.10381413021992847,0.002309373023028567,0.9419389600644704
72,52520,Francisco Pizarro,Nariño,563.88,508.28,643.793574475268,571.0885637281091,716.4985852224269,,0.2666120533471079,0.0022588492631301794,0.9441978093276006
73,52678,Samaniego,Nariño,757.91,784.19,640.6994416905418,487.5455527458313,793.8533306352523,,-0.18297932683336726,0.002247993020014516,0.9464458023476151
74,27800,Unguía,Chocó,525.76,583.33,639.7144422278421,540.7340107948487,738.6948736608356,,0.09665959615970743,0.0022445369971545235,0.9486903393447697
75,50325,Mapiripán,Meta,537.0,572.72,599.7380965238654,458.6507960001298,740.825397047601,,0.04717505329631466,0.002104273809362278,0.9507946131541319
76,54001,Cúcuta,Norte De Santander,492.54,549.2,597.68763865648,551.130525393634,644.244751919326,,0.08828776157407114,0.0020970794610083074,0.9528916926151403
77,52411,Linares,Nariño,503.47,500.66,577.0439008658179,466.95377198998375,687.1340297416522,,0.15256641406507,0.00202464771619834,0.9549163403313387
78,18756,Solano,Caquetá,1446.68,630.93,558.2500263712832,125.70150538833695,990.7985473542294,,-0.11519498776206039,0.001958706502684455,0.9568750468340231
79,05031,Amalfi,Antioquia,382.59,388.08,490.2753495937023,401.3204584968397,579.2302406905649,,0.2633357802352667,0.0017202068427962691,0.9585952536768194
80,52473,Mosquera,Nariño,429.0,455.89,488.8449336750924,417.77152633464124,559.9183410155435,,0.07228702905326378,0.0017151880074555233,0.9603104416842749
81,27745,Sipí,Chocó,428.57,418.79,460.6819637128482,338.1842214957699,583.1797059299264,,0.10003095516332339,0.0016163738743716018,0.9619268155586466
82,05134,Campamento,Antioquia,427.12,415.79,444.1046582470502,386.5903989942474,501.61891749985307,,0.06809845895055244,0.0015582098358960356,0.9634850253945426
83,50711,Vistahermosa,Meta,566.36,523.06,430.8231764063129,297.28978071977417,564.3565720928516,,-0.1763408090729306,0.001511609704023519,0.9649966350985661
84,18205,Curillo,Caquetá,407.68,417.39,412.70999561147244,301.6719705816656,523.7480206412793,,-0.011212545553385467,0.001448056809565513,0.9664446919081316
85,52418,Los Andes,Nariño,339.76,335.64,403.19699885488876,305.63300039352805,500.7609973162495,,0.20127815175452501,0.0014146789900815531,0.9678593708982132
86,05495,Nechí,Antioquia,380.35,357.84,383.3388842461151,249.2030166986958,517.4747517935343,,0.0712577807011936,0.001345003725634026,0.9692043746238472
87,05107,Briceño,Antioquia,534.5,336.19,373.6480409517573,211.55345583306226,535.7426260704524,,0.11141925979879619,0.0013110019040836758,0.970515376527931
88,27430,Medio Baudó,Chocó,315.42,345.77,369.2099944140102,293.65566029088416,444.7643285371363,,0.06779071178532048,0.0012954303318453255,0.9718108068597763
89,18150,Cartagena Del Chairá,Caquetá,549.31,469.54,368.3704522766585,216.43727948433738,520.3036250689796,,-0.2154652377291424,0.0012924846684937313,0.97310329152827
90,27450,Medio San Juan,Chocó,358.11,333.77,336.9777741185969,199.31595316724935,474.6395950699445,,0.00961073229648246,0.0011823386050093022,0.9742856301332793
91,27361,Istmina,Chocó,390.34,333.49,336.8655493630076,224.12296355072567,449.6081351752895,,0.010121890800346423,0.0011819448471084495,0.9754675749803877
92,13473,Morales,Bolívar,191.44,391.28,323.3409525397117,242.79750496115543,403.88440011826793,,-0.17363281399582986,0.0011344917087428874,0.9766020666891306
93,18753,San Vicente Del Caguán,Caquetá,469.51,320.75,311.1844394315235,188.2520063919585,434.1168724710885,,-0.029822480338196344,0.0010918387035477911,0.9776939053926784
94,18460,Milán,Caquetá,526.54,340.07,300.5508642444127,40.06752469344775,561.0342037953776,,-0.11620882687560585,0.001054529161439636,0.9787484345541181
95,19698,Santander De Quilichao,Cauca,157.42,312.79,293.59732772392596,174.83251979554302,412.3621356523089,,-0.06135960956575992,0.0010301316037935344,0.9797785661579116
96,13490,Norosi,Bolívar,240.36,275.82,289.3830255505287,253.66138782756582,325.1046632734916,,0.04917346657431909,0.0010153450732402506,0.9807939112311519
97,13042,Arenal,Bolívar,142.76,237.06,262.2255505510122,220.29895228111818,304.15214882090623,,0.10615688243909638,0.000920058874646029,0.981713970105798
98,13600,Rioviejo,Bolívar,151.32,215.96,238.6733284493977,207.80246462695317,269.54419227184223,,0.10517377500184155,0.0008374222630851381,0.9825513923688831
99,54261,El Zulia,Norte De Santander,189.36,202.86,223.83666182746137,193.41671775156996,254.25660590335278,,0.10340462302800635,0.0007853655250327509,0.9833367578939158
100,05475,Murindó,Antioquia,176.31,200.41,222.67777301288064,194.33232285895605,251.02322316680522,,0.11111108733536579,0.0007812993845047111,0.9841180572784205
101,99773,Cumaribo,Vichada,343.3,252.53,204.68444117045237,69.61098429442916,339.7578980464756,,-0.18946485102580934,0.0007181669986205347,0.984836224277041
102,05736,Segovia,Antioquia,244.73,182.11,195.88443810136891,132.33676843115063,259.4321077715872,,0.07563801055059516,0.0006872908276920749,0.985523515104733
103,27025,Alto Baudó,Chocó,245.07,168.78,182.21443859769934,102.21702127850844,262.2118559168903,,0.07959733734861563,0.000639327521548453,0.9861628426262815
104,19622,Rosas,Cauca,52.07,132.13,177.19802343122416,154.82264510214247,199.57340176030584,,0.3410884994416421,0.0006217266535814447,0.9867845692798629
105,54003,Ábrego,Norte De Santander,82.31,248.51,176.81693518410077,136.3847131796833,217.24915718851824,,-0.28849166961449935,0.0006203895465640225,0.987404958826427
106,05604,Remedios,Antioquia,115.91,146.33,158.75101738204728,136.07519606342635,181.4268387006682,,0.08488360132609363,0.0005570024816213502,0.9879619613080484
107,13655,San Jacinto Del Cauca,Bolívar,162.17,135.0,142.84221727493536,111.97518546909818,173.70924908077257,,0.05809049833285451,0.0005011839975233614,0.9884631453055718
108,18029,Albania,Caquetá,123.89,129.33,140.08888333339448,116.8962862779299,163.28148038885905,,0.0831893863248625,0.000491523499824126,0.988954668805396
109,95015,Calamar,Guaviare,158.58,165.84,133.68999452959218,75.33199877101086,192.0479902881735,,-0.19386158629044759,0.00046907200942038625,0.9894237408148163
110,27491,Nóvita,Chocó,135.52,112.16,130.72627786753017,86.75533483440452,174.69722090065582,,0.16553386115843605,0.0004586733514286815,0.989882414166245
111,18256,El Paujil,Caquetá,210.78,186.75,127.98554537625586,0.0,280.676472362067,,-0.31466910106422563,0.00044905706786543234,0.9903314712341105
112,52385,La Llanada,Nariño,130.8,112.81,119.41666171525159,87.07429260744189,151.7590308230613,,0.05856450416852743,0.00041899181510287735,0.9907504630492133
113,86001,Mocoa,Putumayo,109.44,109.74,110.05777274926716,81.52955435035078,138.58599114818355,,0.0028956875274936955,0.0003861547066216972,0.9911366177558351
114,18592,Puerto Rico,Caquetá,45.21,22.6,104.1967012421743,0.0,383.5615426925329,,3.610473506290898,0.00036559023133046607,0.9915022079871655
115,05887,Yarumal,Antioquia,145.25,90.37,100.05999545181224,78.51332912827695,121.60666177534753,,0.10722579895775408,0.0003510759596806414,0.9918532839468461
116,13074,Barranco De Loba,Bolívar,60.56,89.94,99.93332806544974,86.89851157341482,112.96814455748466,,0.11111105254002385,0.0003506315275774152,0.9922039154744235
117,18860,Valparaíso,Caquetá,270.38,97.56,98.13666208161122,0.0,256.2201962610741,,0.005910845444969448,0.0003443276472738683,0.9925482431216974
118,76100,Bolívar,Valle Del Cauca,116.82,89.84,98.02443956535762,35.00100517544323,161.04787395527202,,0.09110017325642938,0.000343933897230071,0.9928921770189275
119,15572,Puerto Boyacá,Boyacá,53.7,87.19,96.5266616753687,81.12442699763741,111.92889635309999,,0.10708408848914663,0.00033867871200102967,0.9932308557309285
120,05858,Vegachí,Antioquia,56.95,62.11,89.82612579572435,62.077787576246166,117.57446401520254,,0.446242566345586,0.00031516884620802553,0.9935460245771366
121,18094,Belén De Los Andaquíes,Caquetá,95.73,92.99,88.65221579937729,0.0,186.3362867918633,,-0.04664785676548777,0.0003110500015420299,0.9938570745786787
122,05652,San Francisco,Antioquia,64.19,77.95,83.33777295912365,64.93902830611488,101.73651761213243,,0.06911831891114373,0.0002924034574173253,0.994149478036096
123,54398,La Playa,Norte De Santander,29.69,73.16,80.68777258520804,66.74129200296953,94.63425316744654,,0.10289464987982555,0.00028310552151171627,0.9944325835576077
124,05837,Turbo,Antioquia,92.94,76.98,76.48724970373267,51.587542090490075,101.38695731697527,,-0.006401017098822237,0.0002683673377339181,0.9947009508953416
125,52254,El Peñol,Nariño,65.99,70.41,73.34547295080229,57.01520448413554,89.67574141746904,,0.041691136923764915,0.0002573439283917844,0.9949582948237334
126,19548,Piendamó,Cauca,58.2,63.31,70.34443460497084,60.808507850724055,79.88036135921763,,0.11111095569374263,0.000246814321503999,0.9952051091452374
127,27250,El Litoral Del San Juan,Chocó,100.76,87.44,69.07417958698299,28.457874789047793,109.6904843849182,,-0.2100391172577425,0.00024235743543813857,0.9954474665806755
128,76233,Dagua,Valle Del Cauca,58.87,58.13,67.67643542798983,55.45021473425108,79.90265612172858,,0.16422562236349258,0.0002374532340158743,0.9956849198146914
129,19701,Santa Rosa,Cauca,64.27,45.82,61.714309298586755,24.375190761662758,99.05342783551075,,0.34688584239604436,0.0002165341929628967,0.9959014540076543
130,91530,Puerto Alegría,Amazonas,65.97,66.41,61.69606563594941,29.813307931073805,93.57882334082501,,-0.07098229730538452,0.0002164701822527265,0.996117924189907
131,76126,Calima,Valle Del Cauca,45.1,55.58,59.04888378019555,42.0858020410778,76.0119655193133,,0.06241244656703038,0.00020718213555372843,0.9963251063254607
132,13030,Altos Del Rosario,Bolívar,15.45,34.02,51.29863649693555,46.71460353248973,55.88266946138137,,0.5078964284813505,0.00017998919505391443,0.9965050955205146
133,50450,Puerto Concordia,Meta,46.83,49.04,48.90555022577254,29.795615092057616,68.01548535948746,,-0.0027416348741325924,0.00017159268198739395,0.996676688202502
134,52036,Ancuya,Nariño,39.96,39.29,48.245052320555956,30.92874306931738,65.56136157179454,,0.22792192213173723,0.00016927522299797556,0.9968459634254999
135,13006,Achí,Bolívar,28.9,44.09,48.14999795239669,42.58102094623083,53.71897495856255,,0.09208432643222242,0.00016894171005533883,0.9970149051355552
136,05873,Vigía Del Fuerte,Antioquia,20.66,34.84,47.82116293631381,42.795333508120905,52.84699236450672,,0.3725936548884561,0.00016778794157547224,0.9971826930771307
137,27001,Quibdó,Chocó,46.42,27.71,46.45495787173245,33.06194589746755,59.84796984599734,,0.6764690679080636,0.00016299439994074924,0.9973456874770714
138,68101,Bolívar,Santander,15.69,41.91,46.053328363716794,37.760363690809044,54.346293036624544,,0.09886252359142911,0.00016158522073455426,0.9975072726978059
139,94888,Morichal,Guainía,41.69,27.82,41.608601417533,26.84153761015026,56.37566522491574,,0.49563628387969083,0.00014599020925065538,0.9976532629070566
140,52260,El Tambo,Nariño,50.87,29.89,41.16551510909791,0.0,90.45075940084321,,0.3772336938473706,0.00014443557245247447,0.997797698479509
141,19100,Bolívar,Cauca,0.0,0.0,39.179674040846606,0.0,122.62234071391399,,,0.00013746794212567408,0.9979351664216347
142,27077,Bajo Baudó,Chocó,75.64,47.84,38.58221713967346,0.0,81.92624732546578,,-0.19351552801685912,0.00013537167224278966,0.9980705380938775
143,27135,El Cantón Del San Pablo,Chocó,29.42,33.65,34.69103681504325,27.85455281202365,41.52752081806285,,0.030937201041404183,0.00012171886463879692,0.9981922569585162
144,68377,La Belleza,Santander,10.28,22.2,33.34065179063141,30.445981578946892,36.23532200231593,,0.5018311617401539,0.00011698083006021184,0.9983092377885764
145,05172,Chigorodó,Antioquia,35.41,29.33,32.58888417977853,24.675525540186264,40.5022428193708,,0.11111095055501319,0.00011434313720158982,0.998423580925778
146,05660,San Luis,Antioquia,22.07,30.03,32.44110623338208,25.15086323361155,39.73134923315261,,0.08028991786154105,0.00011382463543555931,0.9985374055612135
147,05480,Mutatá,Antioquia,31.03,27.85,30.813328296622014,24.440339084569946,37.18631750867408,,0.10640317043526082,0.0001081133249491399,0.9986455188861626
148,27580,Río Iró,Chocó,39.71,27.12,29.774248164747252,19.7916610931873,39.756835236307204,,0.0978705075496773,0.00010446755170244111,0.9987499864378651
149,13667,San Martín De Loba,Bolívar,16.34,26.59,29.5444390958104,23.423331894170946,35.66554629744986,,0.11111090995902217,0.00010366123106394803,0.998853647668929
150,52435,Mallama,Nariño,23.48,20.04,27.579588274331844,23.46185285865507,31.697323690008616,,0.3762269597969983,9.676724826227894e-05,0.9989504149171913
151,05756,Sonsón,Antioquia,10.97,19.41,26.571029627914942,23.233619817152782,29.908439438677103,,0.3689350658379671,9.32285643648212e-05,0.999043643481556
152,19137,Caldono,Cauca,25.26,21.93,24.366661674711857,1.9107365809033716,46.82258676852034,,0.11111088347979292,8.549419868585487e-05,0.9991291376802419
153,05893,Yondó,Antioquia,19.09,15.35,20.621931291300825,13.06482648845099,28.17903609415066,,0.34344829259288767,7.235523333646684e-05,0.9992014929135784
154,23855,Valencia,Córdoba,23.72,18.68,19.38777241229842,12.926519961451657,25.849024863145186,,0.03788931543353424,6.802499615338784e-05,0.9992695179097318
155,19364,Jambaló,Cauca,22.33,16.49,18.322217176456615,0.0,55.33424290295194,,0.11111080512168692,6.428633091233201e-05,0.9993338042406442
156,19455,Miranda,Cauca,14.39,13.22,14.281105463389569,0.0,41.109234833367296,,0.08026516364520186,5.010746585806623e-05,0.9993839117065023
157,18785,Solita,Caquetá,40.77,0.0,13.978577485228143,0.0,39.49502210216279,,,4.9045999686858815e-05,0.9994329577061892
158,27205,Condoto,Chocó,14.99,9.37,13.945259797844326,6.91371708200938,20.97680251367927,,0.48828813210718547,4.892909943096937e-05,0.9994818868056202
159,05885,Yalí,Antioquia,36.34,12.19,12.169995144152141,0.0,44.71551773350199,,-0.0016410874362475791,4.270030900210855e-05,0.9995245871146223
160,50683,San Juan De Arama,Meta,30.14,25.5,11.271031644354935,0.0,25.40954532445115,,-0.5579987590449045,3.9546156615991725e-05,0.9995641332712383
161,50350,La Macarena,Meta,167.9,143.33,11.132460163629958,0.0,149.46225139632062,,-0.9223298669948374,3.905995715775451e-05,0.9996031932283961
162,05890,Yolombó,Antioquia,12.59,4.22,11.009248213836003,1.6539217389248027,20.364574688747204,,1.608826590956399,3.862764898781393e-05,0.9996418208773838
163,19807,Timbío,Cauca,18.39,10.05,10.50981549051016,5.739259980420584,15.280371000599736,,0.04575278512538894,3.6875312083881356e-05,0.9996786961894677
164,19212,Corinto,Cauca,21.52,18.67,10.49223645810976,2.3989952044191067,18.585477711800415,,-0.438016258269429,3.681363333162517e-05,0.9997155098227993
165,19392,La Sierra,Cauca,0.0,9.44,10.488884068080436,8.915550734747104,12.062217401413768,,0.11111060043224974,3.680187095304965e-05,0.9997523116937523
166,27600,Río Quito,Chocó,9.48,7.5,8.658328423639697,4.710513236137922,12.606143611141471,,0.15444378981862616,3.0379083537170272e-05,0.9997826907772895
167,19142,Caloto,Cauca,11.08,8.87,6.712403998615411,2.2131130680004594,11.211694929230362,,-0.2432464488595928,2.355150692279388e-05,0.9998062422842123
168,54109,Bucarasica,Norte De Santander,5.95,5.52,6.688237906630057,0.0,26.50327376697897,,0.21163730192573516,2.346671645386392e-05,0.9998297090006661
169,54498,Ocaña,Norte De Santander,9.35,6.67,6.636661521736759,0.0,17.25147463474545,,-0.004998272603184528,2.3285752735631562e-05,0.9998529947534017
170,68190,Cimitarra,Santander,2.23,7.75,6.270076980412905,3.799520719535066,8.740633241290745,,-0.19095780897897996,2.1999534211752658e-05,0.9998749942876135
171,52683,Sandoná,Nariño,16.01,6.08,6.239995091091572,0.0,18.718375140045843,,0.02631498208742955,2.1893987253502198e-05,0.999896888274867
172,97161,Carurú,Vaupés,14.04,8.66,6.1744394251122685,0.0,22.47728672417605,,-0.28701623266601983,2.1663975066890903e-05,0.9999185522499339
173,27413,Lloró,Chocó,2.09,4.64,5.1555500898941995,0.0,11.508910797651229,,0.11110993316685347,1.8089044351025317e-05,0.999936641294285
174,05234,Dabeiba,Antioquia,5.78,4.13,4.588883984240672,3.243514423430174,5.93425354505117,,0.11110992354495686,1.610080873335919e-05,0.9999527421030183
175,27006,Acandí,Chocó,6.57,0.0,3.122572710316857,0.03291577873158413,6.2122296419021295,,,1.0956028990377263e-05,0.9999636981320087
176,18001,Florencia,Caquetá,13.94,7.55,2.5177735387172007,0.0,82.75274226604475,,-0.6665200610970595,8.833997616853344e-06,0.9999725321296256
177,05154,Caucasia,Antioquia,3.14,1.55,2.5139414683470056,0.9087551774215965,4.1191277592724145,,0.6218977215141972,8.820552205660737e-06,0.9999813526818312
178,05649,San Carlos,Antioquia,1.75,1.77,1.8066615248824305,1.2620302614436654,2.351292788321196,,0.02071272592227702,6.338951204246757e-06,0.9999876916330355
179,68773,Sucre,Santander,0.0,1.63,1.4344392525345748,1.162772585867908,1.7061059192012415,,-0.11997591869044488,5.032951829681868e-06,0.9999927245848651
180,05045,Apartadó,Antioquia,3.23,2.6,1.0518959979430864,0.0,4.211336070963327,,-0.5954246161757359,3.6907396936665217e-06,0.9999964153245587
181,27050,Atrato,Chocó,1.64,0.0,1.0216666748420362,0.4020386765001813,1.641294673183891,,,3.584675441212019e-06,1.0
182,05148,Carmen De Viboral,Antioquia,0.0,0.0,0.0,0.0,0.0,Sin coca 2022-2024 → 0,,0.0,1.0
183,05819,Toledo,Antioquia,0.0,0.0,0.0,0.0,0.0,Sin coca 2022-2024 → 0,,0.0,1.0
184,68755,Socorro,Santander,0.0,0.0,0.0,0.0,0.0,Sin coca 2022-2024 → 0,,0.0,1.0
185,68745,Simacota,Santander,0.0,0.0,0.0,0.0,0.0,Sin coca 2022-2024 → 0,,0.0,1.0
186,68720,Santa Helena Del Opón,Santander,0.0,0.0,0.0,0.0,0.0,Sin coca 2022-2024 → 0,,0.0,1.0
187,68689,San Vicente De Chucurí,Santander,0.0,0.0,0.0,0.0,0.0,Sin coca 2022-2024 → 0,,0.0,1.0
188,05490,Necoclí,Antioquia,0.0,0.0,0.0,0.0,0.0,Sin coca 2022-2024 → 0,,0.0,1.0
189,05579,Puerto Berrío,Antioquia,0.0,0.0,0.0,0.0,0.0,Sin coca 2022-2024 → 0,,0.0,1.0
190,05585,Puerto Nare,Antioquia,0.0,0.0,0.0,0.0,0.0,Sin coca 2022-2024 → 0,,0.0,1.0
191,05591,Puerto Triunfo,Antioquia,0.0,0.0,0.0,0.0,0.0,Sin coca 2022-2024 → 0,,0.0,1.0
192,27810,Unión Panamericana,Chocó,0.0,0.0,0.0,0.0,0.0,Sin coca 2022-2024 → 0,,0.0,1.0
193,27787,Tadó,Chocó,0.0,0.0,0.0,0.0,0.0,Sin coca 2022-2024 → 0,,0.0,1.0
194,27425,Medio Atrato,Chocó,0.0,0.0,0.0,0.0,0.0,Sin coca 2022-2024 → 0,,0.0,1.0
195,27495,Nuquí,Chocó,0.0,0.0,0.0,0.0,0.0,Sin coca 2022-2024 → 0,,0.0,1.0
196,27099,Bojayá,Chocó,0.0,0.0,0.0,0.0,0.0,Sin coca 2022-2024 → 0,,0.0,1.0
197,27075,Bahía Solano,Chocó,0.0,0.0,0.0,0.0,0.0,Sin coca 2022-2024 → 0,,0.0,1.0
198,27372,Juradó,Chocó,0.0,0.0,0.0,0.0,0.0,Sin coca 2022-2024 → 0,,0.0,1.0
199,20310,González,Cesar,0.0,0.0,0.0,0.0,11.5402498824847,,,0.0,1.0
200,23350,La Apartada,Córdoba,0.0,0.0,0.0,0.0,0.0,Sin coca 2022-2024 → 0,,0.0,1.0
201,20770,San Martín,Cesar,0.0,0.0,0.0,0.0,0.0,Sin coca 2022-2024 → 0,,0.0,1.0
202,20710,San Alberto,Cesar,0.0,0.0,0.0,0.0,0.0,Sin coca 2022-2024 → 0,,0.0,1.0
203,20517,Pailitas,Cesar,0.0,0.0,0.0,0.0,0.0,Sin coca 2022-2024 → 0,,0.0,1.0
204,25823,Topaipí,Cundinamarca,0.0,0.0,0.0,0.0,0.0,Sin coca 2022-2024 → 0,,0.0,1.0
205,25518,Paime,Cundinamarca,0.0,0.0,0.0,0.0,0.0,Sin coca 2022-2024 → 0,,0.0,1.0
206,25148,Caparrapí,Cundinamarca,0.0,0.0,0.0,0.0,0.0,Sin coca 2022-2024 → 0,,0.0,1.0
207,25885,Yacopí,Cundinamarca,0.0,0.0,0.0,0.0,0.0,Sin coca 2022-2024 → 0,,0.0,1.0
208,19821,Toribío,Cauca,0.0,0.0,0.0,0.0,4.7058117198097404,,,0.0,1.0
209,20178,Chiriguaná,Cesar,0.0,0.0,0.0,0.0,0.0,Sin coca 2022-2024 → 0,,0.0,1.0
210,86760,Santiago,Putumayo,0.0,0.0,0.0,0.0,0.0,Sin coca 2022-2024 → 0,,0.0,1.0
211,81794,Tame,Arauca,0.0,0.0,0.0,0.0,0.0,Sin coca 2022-2024 → 0,,0.0,1.0
212,81591,Puerto Rondón,Arauca,0.0,0.0,0.0,0.0,0.0,Sin coca 2022-2024 → 0,,0.0,1.0
213,81736,Saravena,Arauca,0.0,0.0,0.0,0.0,0.0,Sin coca 2022-2024 → 0,,0.0,1.0
214,81300,Fortul,Arauca,0.0,0.0,0.0,0.0,0.0,Sin coca 2022-2024 → 0,,0.0,1.0
215,81065,Arauquita,Arauca,0.0,0.0,0.0,0.0,0.0,Sin coca 2022-2024 → 0,,0.0,1.0
216,68861,Vélez,Santander,0.0,0.0,0.0,0.0,0.0,Sin coca 2022-2024 → 0,,0.0,1.0
217,19290,Florencia,Cauca,0.0,0.0,0.0,0.0,0.0,Sin coca 2022-2024 → 0,,0.0,1.0
218,91430,La Victoria,Amazonas,0.0,0.0,0.0,0.0,0.0,Sin coca 2022-2024 → 0,,0.0,1.0
219,91407,La Pedrera,Amazonas,0.0,0.0,0.0,0.0,0.0,Sin coca 2022-2024 → 0,,0.0,1.0
220,19397,La Vega,Cauca,0.0,0.0,0.0,0.0,0.0,Sin coca 2022-2024 → 0,,0.0,1.0
221,19450,Mercaderes,Cauca,0.0,0.0,0.0,0.0,27.818427309867317,,,0.0,1.0
222,19760,Sotará,Cauca,0.0,0.0,0.0,0.0,0.0,Sin coca 2022-2024 → 0,,0.0,1.0
223,19785,Sucre,Cauca,0.0,0.0,0.0,0.0,18.73362085901358,,,0.0,1.0
224,76001,Cali,Valle Del Cauca,0.0,0.0,0.0,0.0,0.0,Sin coca 2022-2024 → 0,,0.0,1.0
225,76834,Tuluá,Valle Del Cauca,0.0,0.0,0.0,0.0,0.0,Sin coca 2022-2024 → 0,,0.0,1.0
226,91263,El Encanto,Amazonas,0.0,0.0,0.0,0.0,0.0,Sin coca 2022-2024 → 0,,0.0,1.0
227,91405,La Chorrera,Amazonas,0.0,0.0,0.0,0.0,0.0,Sin coca 2022-2024 → 0,,0.0,1.0
228,05483,Nariño,Antioquia,0.0,0.0,0.0,0.0,0.0,Sin coca 2022-2024 → 0,,0.0,1.0
229,05425,Maceo,Antioquia,0.0,0.0,0.0,0.0,0.0,Sin coca 2022-2024 → 0,,0.0,1.0
230,05628,Sabanalarga,Antioquia,0.0,0.0,0.0,0.0,0.0,Sin coca 2022-2024 → 0,,0.0,1.0
231,05665,San Pedro De Urabá,Antioquia,0.0,0.0,0.0,0.0,0.0,Sin coca 2022-2024 → 0,,0.0,1.0
232,05670,San Roque,Antioquia,0.0,0.0,0.0,0.0,0.0,Sin coca 2022-2024 → 0,,0.0,1.0
233,05667,San Rafael,Antioquia,0.0,0.0,0.0,0.0,0.0,Sin coca 2022-2024 → 0,,0.0,1.0
234,05686,Santa Rosa De Osos,Antioquia,0.0,0.0,0.0,0.0,0.0,Sin coca 2022-2024 → 0,,0.0,1.0
235,05284,Frontino,Antioquia,0.0,0.0,0.0,0.0,0.0,Sin coca 2022-2024 → 0,,0.0,1.0
236,05310,Gómez Plata,Antioquia,0.0,0.0,0.0,0.0,0.0,Sin coca 2022-2024 → 0,,0.0,1.0
237,05197,Cocorná,Antioquia,0.0,0.0,0.0,0.0,0.0,Sin coca 2022-2024 → 0,,0.0,1.0
238,05147,Carepa,Antioquia,0.0,0.0,0.0,0.0,0.0,Sin coca 2022-2024 → 0,,0.0,1.0
239,52227,Cumbal,Nariño,0.0,0.0,0.0,0.0,0.0,Sin coca 2022-2024 → 0,,0.0,1.0
240,17541,Pensilvania,Caldas,0.0,0.0,0.0,0.0,0.0,Sin coca 2022-2024 → 0,,0.0,1.0
241,17495,Norcasia,Caldas,0.0,0.0,0.0,0.0,0.0,Sin coca 2022-2024 → 0,,0.0,1.0
242,17433,Manzanares,Caldas,0.0,0.0,0.0,0.0,0.0,Sin coca 2022-2024 → 0,,0.0,1.0
243,15832,Tununguá,Boyacá,0.0,0.0,0.0,0.0,0.0,Sin coca 2022-2024 → 0,,0.0,1.0
244,15696,Santa Sofía,Boyacá,0.0,0.0,0.0,0.0,0.0,Sin coca 2022-2024 → 0,,0.0,1.0
245,15681,San Pablo De Borbur,Boyacá,0.0,0.0,0.0,0.0,0.0,Sin coca 2022-2024 → 0,,0.0,1.0
246,15580,Quípama,Boyacá,0.0,0.0,0.0,0.0,0.0,Sin coca 2022-2024 → 0,,0.0,1.0
247,15531,Pauna,Boyacá,0.0,0.0,0.0,0.0,0.0,Sin coca 2022-2024 → 0,,0.0,1.0
248,52210,Contadero,Nariño,0.0,0.0,0.0,0.0,0.0,Sin coca 2022-2024 → 0,,0.0,1.0
249,15507,Otanche,Boyacá,0.0,0.0,0.0,0.0,0.0,Sin coca 2022-2024 → 0,,0.0,1.0
250,50400,Lejanías,Meta,0.0,0.0,0.0,0.0,0.0,Sin coca 2022-2024 → 0,,0.0,1.0
251,47288,Fundación,Magdalena,0.0,0.0,0.0,0.0,0.0,Sin coca 2022-2024 → 0,,0.0,1.0
252,50330,Mesetas,Meta,0.0,0.0,0.0,0.0,0.0,Sin coca 2022-2024 → 0,,0.0,1.0
253,47189,Ciénaga,Magdalena,0.0,0.0,0.0,0.0,0.0,Sin coca 2022-2024 → 0,,0.0,1.0
254,47053,Aracataca,Magdalena,0.0,0.0,0.0,0.0,0.0,Sin coca 2022-2024 → 0,,0.0,1.0
255,44001,Riohacha,La Guajira,0.0,0.0,0.0,0.0,0.0,Sin coca 2022-2024 → 0,,0.0,1.0
256,05842,Uramita,Antioquia,0.0,0.0,0.0,0.0,0.0,Sin coca 2022-2024 → 0,,0.0,1.0
257,05847,Urrao,Antioquia,0.0,0.0,0.0,0.0,0.0,Sin coca 2022-2024 → 0,,0.0,1.0
258,52693,San Pablo,Nariño,0.0,0.0,0.0,0.0,0.0,Sin coca 2022-2024 → 0,,0.0,1.0
259,54128,Cáchira,Norte De Santander,0.0,0.0,0.0,0.0,0.0,Sin coca 2022-2024 → 0,,0.0,1.0
260,52573,Puerres,Nariño,0.0,0.0,0.0,0.0,0.0,Sin coca 2022-2024 → 0,,0.0,1.0
261,18247,El Doncello,Caquetá,21.62,16.65,0.0,0.0,84.45685023219211,,-1.0,0.0,1.0
262,19022,Almaguer,Cauca,0.0,0.0,0.0,0.0,0.0,Sin coca 2022-2024 → 0,,0.0,1.0
263,52381,La Florida,Nariño,35.47,1.23,0.0,0.0,22.017405623539002,,-1.0,0.0,1.0
264,18479,Morelia,Caquetá,0.0,0.0,0.0,0.0,0.0,Sin coca 2022-2024 → 0,,0.0,1.0
265,17662,Samaná,Caldas,0.0,0.0,0.0,0.0,0.0,Sin coca 2022-2024 → 0,,0.0,1.0
266,17867,Victoria,Caldas,0.0,0.0,0.0,0.0,0.0,Sin coca 2022-2024 → 0,,0.0,1.0
267,50370,Uribe,Meta,0.0,0.0,0.0,0.0,0.0,Sin coca 2022-2024 → 0,,0.0,1.0
268,50568,Puerto Gaitán,Meta,0.0,0.0,0.0,0.0,0.0,Sin coca 2022-2024 → 0,,0.0,1.0
269,50573,Puerto López,Meta,0.0,0.0,0.0,0.0,0.0,Sin coca 2022-2024 → 0,,0.0,1.0
270,47001,Santa Marta,Magdalena,2.2,3.31,0.0,0.0,2.896473221041804,,-1.0,0.0,1.0
271,44090,Dibulla,La Guajira,0.0,0.0,0.0,0.0,0.0,Sin coca 2022-2024 → 0,,0.0,1.0
272,50689,San Martín,Meta,0.0,0.0,0.0,0.0,0.0,Sin coca 2022-2024 → 0,,0.0,1.0
273,50577,Puerto Lleras,Meta,0.0,0.0,0.0,0.0,0.0,Sin coca 2022-2024 → 0,,0.0,1.0
274,52207,Consacá,Nariño,0.0,0.0,0.0,0.0,0.0,Sin coca 2022-2024 → 0,,0.0,1.0
275,52110,Buesaco,Nariño,0.0,0.0,0.0,0.0,0.0,Sin coca 2022-2024 → 0,,0.0,1.0
276,52215,Córdoba,Nariño,0.0,0.0,0.0,0.0,0.0,Sin coca 2022-2024 → 0,,0.0,1.0
277,15480,Muzo,Boyacá,0.0,0.0,0.0,0.0,0.0,Sin coca 2022-2024 → 0,,0.0,1.0
278,68020,Albania,Santander,0.0,0.0,0.0,0.0,0.0,Sin coca 2022-2024 → 0,,0.0,1.0
279,54385,La Esperanza,Norte De Santander,0.0,0.0,0.0,0.0,0.0,Sin coca 2022-2024 → 0,,0.0,1.0
280,68092,Betulia,Santander,0.0,0.0,0.0,0.0,0.0,Sin coca 2022-2024 → 0,,0.0,1.0
281,15442,Maripí,Boyacá,0.0,0.0,0.0,0.0,0.0,Sin coca 2022-2024 → 0,,0.0,1.0
282,15401,La Victoria,Boyacá,0.0,0.0,0.0,0.0,0.0,Sin coca 2022-2024 → 0,,0.0,1.0
283,15223,Cubará,Boyacá,0.0,0.0,0.0,0.0,0.0,Sin coca 2022-2024 → 0,,0.0,1.0
284,54418,Lourdes,Norte De Santander,0.0,0.0,0.0,0.0,0.0,Sin coca 2022-2024 → 0,,0.0,1.0
285,54820,Toledo,Norte De Santander,0.0,0.0,0.0,0.0,0.0,Sin coca 2022-2024 → 0,,0.0,1.0
286,13268,El Peñón,Bolívar,0.0,0.0,0.0,0.0,0.0,Sin coca 2022-2024 → 0,,0.0,1.0
287,15212,Coper,Boyacá,0.0,0.0,0.0,0.0,0.0,Sin coca 2022-2024 → 0,,0.0,1.0
288,68271,Florián,Santander,0.0,0.0,0.0,0.0,0.0,Sin coca 2022-2024 → 0,,0.0,1.0
289,68255,El Playón,Santander,0.0,0.0,0.0,0.0,0.0,Sin coca 2022-2024 → 0,,0.0,1.0
290,68250,El Peñón,Santander,0.0,0.0,0.0,0.0,0.0,Sin coca 2022-2024 → 0,,0.0,1.0
291,68235,El Carmen,Santander,0.0,0.0,0.0,0.0,0.0,Sin coca 2022-2024 → 0,,0.0,1.0
292,68211,Contratación,Santander,0.0,0.0,0.0,0.0,0.0,Sin coca 2022-2024 → 0,,0.0,1.0
293,68209,Confines,Santander,0.0,0.0,0.0,0.0,0.0,Sin coca 2022-2024 → 0,,0.0,1.0
294,68176,Chima,Santander,0.0,0.0,0.0,0.0,0.0,Sin coca 2022-2024 → 0,,0.0,1.0
295,68324,Guavatá,Santander,0.0,0.0,0.0,0.0,0.0,Sin coca 2022-2024 → 0,,0.0,1.0
296,68615,Rionegro,Santander,0.0,0.0,0.0,0.0,0.0,Sin coca 2022-2024 → 0,,0.0,1.0
297,68655,Sabana De Torres,Santander,0.0,0.0,0.0,0.0,0.0,Sin coca 2022-2024 → 0,,0.0,1.0
298,91460,Mirití-Paraná,Amazonas,0.0,0.0,0.0,0.0,0.0,Sin coca 2022-2024 → 0,,0.0,1.0
299,68322,Guapotá,Santander,0.0,0.0,0.0,0.0,0.0,Sin coca 2022-2024 → 0,,0.0,1.0
300,68397,La Paz,Santander,0.0,0.0,0.0,0.0,0.0,Sin coca 2022-2024 → 0,,0.0,1.0
301,68524,Palmas Del Socorro,Santander,0.0,0.0,0.0,0.0,0.0,Sin coca 2022-2024 → 0,,0.0,1.0
302,68573,Puerto Parra,Santander,0.0,0.0,0.0,0.0,0.0,Sin coca 2022-2024 → 0,,0.0,1.0
303,68385,Landázuri,Santander,0.0,0.0,0.0,0.0,0.0,Sin coca 2022-2024 → 0,,0.0,1.0
304,94663,Mapiripana,Guainía,0.0,0.0,0.0,0.0,0.0,Sin coca 2022-2024 → 0,,0.0,1.0
305,94343,Barranco Mina,Guainía,0.0,0.0,0.0,0.0,0.0,Sin coca 2022-2024 → 0,,0.0,1.0
306,94001,Inirida,Guainía,0.0,0.0,0.0,0.0,0.0,Sin coca 2022-2024 → 0,,0.0,1.0
307,91669,Santander,Amazonas,0.0,0.0,0.0,0.0,0.0,Sin coca 2022-2024 → 0,,0.0,1.0
308,91536,Puerto Arica,Amazonas,0.0,0.0,0.0,0.0,0.0,Sin coca 2022-2024 → 0,,0.0,1.0
309,94887,Paná Paná,Guainía,0.0,0.0,0.0,0.0,0.0,Sin coca 2022-2024 → 0,,0.0,1.0
310,05142,Caracolí,Antioquia,0.0,0.0,0.0,0.0,0.0,Sin coca 2022-2024 → 0,,0.0,1.0
311,94884,Puerto Colombia,Guainía,0.0,0.0,0.0,0.0,0.0,Sin coca 2022-2024 → 0,,0.0,1.0
312,97001,Mitú,Vaupés,0.0,0.0,0.0,0.0,0.0,Sin coca 2022-2024 → 0,,0.0,1.0
313,05055,Argelia,Antioquia,0.0,0.0,0.0,0.0,0.0,Sin coca 2022-2024 → 0,,0.0,1.0
314,97666,Taraira,Vaupés,0.0,0.0,0.0,0.0,0.0,Sin coca 2022-2024 → 0,,0.0,1.0
315,97511,Pacoa,Vaupés,0.0,0.0,0.0,0.0,0.0,Sin coca 2022-2024 → 0,,0.0,1.0
316,97777,Papunaua,Vaupés,0.0,0.0,0.0,0.0,0.0,Sin coca 2022-2024 → 0,,0.0,1.0
317,97889,Yavaraté,Vaupés,0.0,0.0,0.0,0.0,0.0,Sin coca 2022-2024 → 0,,0.0,1.0
318,99524,La Primavera,Vichada,0.0,0.0,0.0,0.0,0.0,Sin coca 2022-2024 → 0,,0.0,1.0
319,99624,Santa Rosalía,Vichada,0.0,0.0,0.0,0.0,0.0,Sin coca 2022-2024 → 0,,0.0,1.0
