Departamento,Ha 2024,Pronóstico 2025,Variación vs 2024
Nariño,74547.81999999999,84070.52554595613,0.1277395575880842
Norte De Santander,48739.0,52773.16846007239,0.08277085003944262
Putumayo,44473.32,45936.600938921314,0.03290244440759804
Cauca,36876.5,41314.361293830574,0.12034388550514752
Antioquia,17162.88,19063.690603878797,0.11075126108664723
Bolívar,10439.7,11393.799687468332,0.09139148514500728
Córdoba,6585.25,7633.581754313207,0.15919391888131917
Chocó,6535.2,7218.305618571437,0.10452711754367683
Guaviare,5021.05,4976.3755392766925,-0.008897433947741562
Caquetá,4717.01,4444.584288958589,-0.0577538972869277
Valle Del Cauca,3651.63,3871.7961930731562,0.06029257977208968
Meta,2117.4,1814.9547565102764,-0.14283802941802382
Vichada,252.53,204.68444117045237,-0.18946485102580934
Boyacá,87.19,96.5266616753687,0.10708408848914663
Santander,73.49,87.09849638729568,0.18517480456246682
Amazonas,66.41,61.69606563594941,-0.07098229730538452
Guainía,27.82,41.608601417533,0.49563628387969083
Vaupés,8.66,6.1744394251122685,-0.28701623266601983
